id,original_label,anzahl_anfragen,repr채sentant,intra_koh채renz,anfragenl채nge_avg,anfragenl채nge_std,anfragen
1,5,20,""";;;$x0; ;;;$x0; ;;;$x1; ;;$x2;$x1; ;;$x2;; ;;;$x1; ;;4;;""",0.0013195161,6.65,0.6538348415311012,"[';;;$x0; ;;;$x0; ;;;$x0; ;;;$x1; ;;;$x1; ;;$x2;; ;;$x2;; ;;4;;', ';;;$x0; ;;;$x1; ;;$x2;; ;;$x2;; ;;;$x1; ;;;$x0; ;;4;;', ';;;$x0; ;;;$x1; ;;$x2;$x1; ;;$x2;$x1; ;;;$x0; ;;4;;', ';;;$x0; ;;;$x1; ;;$x2;$x0; ;;$x2;; ;;;$x1; ;;4;;', ';;;$x0; ;;;$x1; ;;$x2;; ;;$x2;; ;;;$x0; ;;;$x1; ;;4;;', ';;;$x0; ;;;$x1; ;;$x2;$x0; ;;;$x1; ;;$x2;; ;;4;;', ';;;$x0; ;;;$x1; ;;;$x1; ;;$x2;$x0; ;;$x2;$x1; ;;4;;', ';;;$x0; ;;;$x1; ;;$x2;; ;;;$x1; ;;$x2;; ;;;$x0; ;;4;;', ';;;$x0; ;;;$x1; ;;;$x0; ;;;$x1; ;;$x2;; ;;$x2;; ;;4;;', ';;;$x0; ;;;$x0; ;;;$x1; ;;$x2;$x1; ;;$x2;$x1; ;;4;;', ';;;$x0; ;;;$x0; ;;;$x1; ;;$x2;$x1; ;;$x2;; ;;;$x1; ;;4;;', ';;;$x0; ;;;$x1; ;;;$x1; ;;$x2;$x1; ;;$x2;; ;;;$x0; ;;4;;', ';;;$x0; ;;;$x0; ;;;$x1; ;;;$x1; ;;$x2;; ;;$x2;$x1; ;;4;;', ';;;$x0; ;;;$x0; ;;;$x1; ;;$x2;$x1; ;;$x2;; ;;;$x0; ;;4;;', '$x0;;;$x1; $x0;;$x2;$x1; ;;;$x1; ;;$x2;; ;;;$x1;', ';;;$x0; ;;;$x0; ;;;$x1; ;;$x2;$x1; ;;;$x1; ;;$x2;; ;;4;;', ';;;$x0; ;;;$x1; ;;$x2;; ;;$x2;$x0; ;;;$x1; ;;4;;', ';;;$x0; ;;;$x0; ;;;$x0; ;;;$x1; ;;$x2;$x1; ;;$x2;; ;;4;;', ';;;$x0; ;;;$x1; ;;;$x0; ;;$x2;; ;;$x2;; ;;;$x1; ;;4;;', ';;;$x0; ;;;$x0; ;;;$x0; ;;;$x1; ;;$x2;; ;;$x2;$x1; ;;4;;']"
2,8,10,""";;;$x0; ;;;$x0; ;;;$x1; ;;;$x0; ;;;$x0; ;;;$x1; ;;4;;""",0.0014463973,6.7,0.45825756949558405,"[';;;$x0; ;;;$x0; ;;;$x1; ;;;$x0; ;;;$x0; ;;;$x1; ;;4;;', ';;;$x0; ;;;$x1; ;;;$x0; ;;;$x1; ;;;$x0; ;;;$x0; ;;4;;', ';;;$x0; ;;;$x1; ;;;$x0; ;;;$x0; ;;;$x0; ;;;$x1; ;;4;;', ';;;$x0; ;;;$x0; ;;;$x0; ;;$x1;; ;;$x1;$x0; ;;4;;', ';;;$x0; ;;$x1;$x0; ;;;$x0; ;;$x1;$x0; ;;;$x0; ;;4;;', ';;;$x0; ;;;$x0; ;;;$x0; ;;;$x1; ;;;$x1; ;;;$x0; ;;4;;', ';;;$x0; ;;;$x1; ;;;$x0; ;;;$x0; ;;;$x1; ;;;$x0; ;;4;;', ';;;$x0; ;;;$x0; ;;;$x0; ;;;$x0; ;;;$x1; ;;;$x1; ;;4;;', ';;;$x0; ;;;$x0; ;;$x1;; ;;;$x0; ;;$x1;$x0; ;;4;;', ';;;$x0; ;;;$x0; ;;;$x1; ;;;$x1; ;;;$x0; ;;;$x0; ;;4;;']"
3,24,12,""";;$x0;; ;;;$x1; ;;$x0;$x1; $x2;;;$x3; $x2;;;$x3;""",0.0027484188,5.166666666666667,0.5527707983925667,"['$x0;;;$x1; $x0;;;$x1; $x2;;;$x3; $x2;;;$x3; ;;;$x3;', '$x0;;;$x1; $x0;;;$x1; ;;$x2;; ;;$x2;; ;;;$x3; ;;;$x3;', ';;$x0;$x1; $x2;;;$x3; $x2;;;$x3; ;;;$x3; ;;$x0;$x1;', ';;$x0;$x1; ;;;$x1; ;;$x0;; $x2;;;$x3; $x2;;;$x3;', ';;$x0;$x1; ;;$x0;$x1; ;;;$x1; $x2;;;$x3; $x2;;;$x3;', ';;$x0;; ;;$x1;; $x2;;$x1;$x3; $x2;;;$x3; ;;$x0;;', ';;$x0;$x1; $x2;;;$x3; $x2;;;$x3; ;;;$x1; ;;$x0;;', '$x0;;;$x1; $x0;;$x2;$x1; ;;;$x1; ;;$x2;; ;;$x3;; ;;$x3;;', '$x0;;;$x1; $x0;;$x2;$x1; ;;$x2;; ;;;$x3; ;;;$x3;', '$x0;;;$x1; $x0;;;$x1; ;;$x2;; ;;$x2;; ;;$x3;; ;;$x3;;', '$x0;;;$x1; $x0;;;$x1; ;;$x2;$x3; ;;$x2;$x3;', ';;$x0;; ;;;$x1; ;;$x0;$x1; $x2;;;$x3; $x2;;;$x3;']"
4,19,11,"""$x0;;;$x1; $x0;;;$x1; ;;;$x1; ;;$x2;; ;;$x2;; ;;4;;""",0.0031316823,5.0,0.6030226891555273,"[';;$x0;$x1; $x2;;;$x1; $x2;;$x0;$x1; ;;;$x1; ;;4;;', '$x0;;;$x1; $x0;;$x2;$x1; ;;;$x1; ;;$x2;; ;;4;;', ';;;$x0; ;;$x1;$x0; $x2;;;$x3; $x2;;$x1;$x3; ;;4;;', '$x0;;;$x1; ;;$x2;; $x0;;;$x1; ;;$x2;;', '$x0;;;$x1; $x0;;;$x1; ;;;$x1; ;;$x2;; ;;$x2;$x1;', '$x0;;;$x1; $x0;;;$x1; ;;;$x1; ;;$x2;; ;;$x2;; ;;4;;', ';;$x0;; ;;$x0;$x1; $x2;;;$x1; $x2;;;$x1;', '$x0;;;$x1; $x0;;;$x1; $x2;;;$x3; $x2;;;$x3; ;;;$x1;', ';;$x0;; ;;$x0;$x1; ;;;$x1; $x2;;;$x3; $x2;;;$x3; ;;4;;', ';;$x0;; ;;;$x1; $x2;;$x0;$x1; $x2;;;$x1; ;;4;;', ';;$x0;; $x1;;;$x2; $x1;;;$x2; ;;$x0;; ;;4;;']"
5,30,11,""";;$x0;; ;;$x0;$x1; ;;;$x1; ;;$x0;$x2; ;;;$x2;""",0.001660028,4.909090909090909,0.51425947722658,"[';;$x0;; ;;$x0;$x1; ;;;$x1; ;;$x0;$x2; ;;;$x2;', ';;$x0;; ;;;$x1; ;;$x0;$x1; ;;$x0;$x2; ;;;$x2;', ';;$x0;$x1; ;;$x0;$x1; ;;;$x2; ;;$x3;$x2; ;;$x3;$x2;', ';;$x0;; ;;$x0;$x1; ;;;$x1; ;;;$x2; ;;$x0;$x2;', ';;$x0;; ;;$x0;$x1; ;;;$x2; ;;;$x2; ;;$x0;$x1;', ';;$x0;$x1; ;;$x0;$x1; ;;;$x2; ;;;$x2; ;;$x0;;', ';;$x0;$x1; ;;;$x2; ;;$x0;$x2; ;;$x0;$x1;', ';;$x0;; ;;;$x1; ;;;$x1; ;;$x0;$x2; ;;$x0;$x2;', ';;$x0;; ;;;$x1; ;;$x0;$x1; ;;;$x2; ;;$x0;$x2;', ';;$x0;$x1; ;;$x0;$x2; ;;;$x1; ;;$x0;$x2;', ';;$x0;; ;;$x0;; ;;;$x1; ;;$x0;$x1; ;;;$x2; ;;;$x2;']"
6,47,11,""";;$x0;$x1; ;;$x2;$x1; ;;$x0;; ;;$x2;; ;;$x0;;""",0.0022142546,5.2727272727272725,0.616575453011388,"[';;$x0;; ;;$x1;; ;;$x0;; ;;$x2;; ;;$x2;; ;;$x1;;', ';;$x0;; ;;;$x1; ;;$x2;; ;;$x0;; ;;$x2;$x1;', ';;$x0;$x1; ;;$x2;$x1; ;;$x0;; ;;$x2;; ;;$x0;;', ';;$x0;; ;;$x1;; ;;$x2;; ;;$x1;$x3; ;;$x2;$x3; ;;$x0;;', ';;$x0;; ;;$x0;$x1; ;;$x0;; ;;$x0;$x1;', ';;$x0;$x1; ;;$x2;$x1; ;;$x2;; ;;$x0;; ;;$x0;;', ';;$x0;$x1; ;;$x2;; ;;$x2;$x1; ;;$x0;; ;;$x0;;', ';;$x0;$x1; ;;$x2;$x1; ;;$x0;; ;;$x0;; ;;$x2;;', ';;$x0;; ;;$x1;; ;;$x1;; ;;$x0;; ;;$x2;; ;;$x2;;', ';;$x0;$x1; ;;$x0;; ;;;$x1; ;;$x0;; ;;$x0;;', ';;$x0;; ;;$x1;; ;;$x2;$x3; ;;$x1;$x3; ;;$x2;; ;;$x0;;']"
7,31,11,""";;;$x0; ;;$x1;$x0; ;;$x2;$x3; ;;$x2;; ;;$x1;$x3;""",0.0013267152,5.2727272727272725,0.44536177141512334,"[';;;$x0; ;;$x1;; ;;$x2;$x0; ;;$x1;$x3; ;;$x2;$x3;', ';;;$x0; ;;$x1;$x0; ;;$x2;$x3; ;;$x2;$x3; ;;$x1;;', ';;;$x0; ;;$x1;$x0; ;;$x2;; ;;$x2;$x3; ;;$x1;$x3;', ';;;$x0; ;;$x1;; ;;$x2;$x3; ;;$x1;$x3; ;;$x2;; ;;;$x0;', ';;;$x0; ;;$x1;$x0; ;;$x2;; ;;$x1;$x3; ;;$x2;$x3;', ';;;$x0; ;;$x1;$x0; ;;$x2;$x3; ;;$x2;; ;;$x1;$x3;', ';;;$x0; ;;$x1;$x0; ;;$x1;; ;;$x2;; ;;;$x3; ;;$x2;$x3;', ';;;$x0; ;;$x1;$x0; ;;$x2;$x3; ;;$x1;$x3; ;;$x2;;', ';;;$x0; ;;$x1;; ;;$x2;$x3; ;;$x1;$x3; ;;$x2;$x0;', ';;;$x0; ;;$x1;$x0; ;;$x1;; ;;$x2;$x3; ;;;$x3; ;;$x2;;', ';;;$x0; ;;$x1;$x0; ;;$x1;$x0; ;;$x2;$x3; ;;$x2;$x3;']"
8,11,16,""";;;$x0; ;;;$x1; ;;;$x1; ;;$x2;; ;;;$x3; ;;$x2;$x3; ;;;$x0;""",0.0011348501,6.75,0.5590169943749475,"[';;;$x0; ;;;$x1; ;;;$x1; ;;$x2;; ;;;$x3; ;;$x2;$x3; ;;;$x0;', ';;;$x0; ;;;$x1; ;;$x2;$x1; ;;$x2;$x0; ;;;$x3; ;;;$x3;', ';;;$x0; ;;;$x1; ;;$x2;$x3; ;;;$x3; ;;$x2;$x1; ;;;$x0;', ';;;$x0; ;;;$x0; ;;;$x1; ;;;$x1; ;;$x2;; ;;$x2;; ;;;$x3; ;;;$x3;', ';;;$x0; ;;;$x1; ;;$x2;$x3; ;;;$x1; ;;$x2;$x3; ;;;$x0;', ';;;$x0; ;;;$x1; ;;;$x1; ;;$x2;$x3; ;;;$x3; ;;$x2;; ;;;$x0;', ';;;$x0; ;;;$x0; ;;$x1;; ;;$x2;; ;;;$x3; ;;$x1;$x3; ;;$x2;;', ';;;$x0; ;;;$x0; ;;;$x1; ;;$x2;$x1; ;;;$x3; ;;$x2;; ;;;$x3;', ';;;$x0; ;;;$x1; ;;$x2;; ;;;$x3; ;;$x2;$x3; ;;;$x1; ;;;$x0;', ';;;$x0; ;;;$x0; ;;;$x1; ;;;$x1; ;;$x2;$x3; ;;$x2;; ;;;$x3;', ';;;$x0; ;;;$x0; ;;;$x1; ;;$x2;$x1; ;;$x2;$x3; ;;;$x3;', ';;;$x0; ;;;$x0; ;;;$x1; ;;$x2;$x1; ;;$x2;; ;;;$x3; ;;;$x3;', ';;;$x0; ;;;$x1; ;;$x2;$x1; ;;$x2;$x3; ;;;$x0; ;;;$x3;', ';;;$x0; ;;;$x0; ;;;$x1; ;;;$x1; ;;$x2;$x3; ;;;$x3; ;;$x2;;', ';;;$x0; ;;;$x0; ;;;$x1; ;;$x2;; ;;$x2;$x1; ;;;$x3; ;;;$x3;', ';;;$x0; ;;;$x0; ;;$x1;; ;;$x2;; ;;$x1;$x3; ;;;$x3; ;;$x2;;']"
9,21,8,""";;$x0;$x1; ;;$x0;$x1; ;;;$x1; ;;$x0;; ;;4;;""",0.00238334,5.125,0.5994789404140899,"[';;$x0;; ;;$x0;$x1; ;;$x0;$x1; ;;4;;', ';;$x0;$x1; ;;;$x1; ;;$x0;; ;;$x0;; ;;4;;', ';;$x0;$x1; ;;$x0;$x1; ;;;$x1; ;;$x0;; ;;4;;', ';;$x0;$x1; ;;$x0;$x1; ;;;$x1; ;;;$x1; ;;4;;', ';;$x0;; ;;;$x1; ;;$x0;$x1; ;;;$x1; ;;;$x1; ;;4;;', ';;$x0;; ;;;$x1; ;;$x0;$x1; ;;$x0;; ;;4;;', ';;$x0;; ;;;$x1; ;;;$x1; ;;$x0;$x1; ;;4;;', ';;$x0;; ;;$x0;; ;;;$x1; ;;;$x1; ;;$x0;; ;;4;;']"
10,32,4,""";;;$x0; ;;;$x0; ;;;$x1; ;;;$x1; ;;;$x2; ;;;$x2; ;;;$x2; ;;4;;""",0.0012759615,8.25,0.4330127018922193,"[';;;$x0; ;;;$x0; ;;;$x0; ;;;$x1; ;;;$x1; ;;;$x2; ;;;$x2; ;;4;;', ';;;$x0; ;;;$x0; ;;;$x1; ;;;$x1; ;;;$x2; ;;;$x2; ;;;$x2; ;;4;;', ';;;$x0; ;;;$x0; ;;;$x1; ;;;$x1; ;;;$x2; ;;;$x2; ;;;$x3; ;;;$x3; ;;4;;', ';;;$x0; ;;;$x0; ;;;$x1; ;;;$x1; ;;;$x1; ;;;$x2; ;;;$x2; ;;4;;']"
11,39,11,""";;;$x0; ;;;$x0; ;;;$x0; ;;;$x1; ;;$x2;$x1; ;;;$x1; ;;$x2;;""",0.0011277656,5.909090909090909,0.51425947722658,"[';;;$x0; ;;;$x0; ;;;$x1; ;;;$x1; ;;$x2;$x1; ;;$x2;;', ';;;$x0; ;;;$x1; ;;$x2;$x0; ;;$x2;$x1; ;;;$x0;', ';;;$x0; ;;;$x0; ;;;$x0; ;;;$x1; ;;$x2;$x1; ;;;$x1; ;;$x2;;', ';;;$x0; ;;;$x1; ;;$x2;; ;;;$x1; ;;$x2;$x1; ;;;$x0;', ';;;$x0; ;;;$x1; ;;$x2;$x1; ;;$x2;$x0; ;;;$x0;', ';;;$x0; ;;;$x1; ;;$x2;$x1; ;;$x2;; ;;;$x1; ;;;$x0;', ';;;$x0; ;;;$x1; ;;$x2;; ;;;$x1; ;;;$x0; ;;$x2;;', ';;;$x0; ;;;$x1; ;;$x2;$x1; ;;$x2;; ;;;$x0; ;;;$x0;', ';;;$x0; ;;;$x1; ;;$x2;$x1; ;;$x2;; ;;;$x0; ;;;$x1;', ';;;$x0; ;;;$x1; ;;$x2;$x1; ;;;$x1; ;;$x2;; ;;;$x0;', ';;;$x0; ;;;$x0; ;;;$x0; ;;;$x1; ;;$x2;$x1; ;;$x2;$x1;']"
12,25,5,""";;$x0;; ;;$x0;; $x1;;;$x2; $x1;;;$x2; ;;;$x2;""",0.002381386,4.8,0.7483314773547882,"[';;$x0;; ;;$x0;; $x1;;;$x2; $x1;;$x3;$x2; ;;$x3;;', ';;$x0;; $x1;;;$x2; $x1;;;$x2; ;;$x0;$x2;', ';;$x0;; $x1;;;$x2; ;;$x0;; $x1;;;$x2;', ';;$x0;; ;;$x0;; $x1;;;$x2; $x1;;;$x2; ;;;$x2;', ';;$x0;; $x1;;;$x2; $x1;;;$x2; ;;;$x3; ;;;$x3; ;;$x0;;']"
13,13,13,""";;;$x0; ;;;$x0; ;;$x1;$x0; ;;$x2;; ;;$x2;; ;;$x1;;""",0.0013727956,5.461538461538462,0.6343239424027171,"[';;;$x0; ;;$x1;$x0; ;;$x2;; ;;$x2;; ;;$x1;$x0;', ';;;$x0; ;;;$x0; ;;;$x0; ;;$x1;; ;;$x2;; ;;$x1;; ;;$x2;;', ';;;$x0; ;;;$x0; ;;$x1;$x0; ;;$x2;; ;;$x2;; ;;$x1;;', ';;;$x0; ;;$x1;; ;;;$x0; ;;$x2;; ;;$x2;; ;;$x1;;', ';;;$x0; ;;$x1;$x0; ;;$x2;; ;;$x2;$x0; ;;$x1;;', ';;;$x0; ;;$x1;; ;;$x2;; ;;$x2;; ;;;$x0; ;;$x1;;', ';;;$x0; ;;$x1;; ;;$x2;$x0; ;;$x2;; ;;$x1;$x0;', ';;;$x0; ;;$x1;$x0; ;;$x2;$x0; ;;$x1;; ;;$x2;;', ';;;$x0; ;;$x1;; ;;$x2;; ;;$x2;; ;;$x1;; ;;;$x0;', ';;;$x0; ;;$x1;$x0; ;;$x2;; ;;$x1;; ;;$x2;$x0;', ';;;$x0; ;;$x1;$x0; ;;$x2;$x0; ;;$x2;; ;;$x1;;', ';;;$x0; ;;$x1;; ;;$x2;; ;;$x1;$x0; ;;$x2;$x0;', ';;;$x0; ;;$x1;$x0; ;;$x2;; ;;$x1;$x0; ;;$x2;;']"
14,23,5,""";;;$x0; ;;;$x0; ;;$x1;$x2; ;;$x3;; ;;$x1;; ;;$x3;$x2;""",0.0012457508,6.6,0.48989794855663565,"[';;;$x0; ;;;$x0; ;;$x1;; ;;;$x2; ;;$x3;$x2; ;;$x3;; ;;$x1;;', ';;;$x0; ;;;$x0; ;;$x1;$x2; ;;$x3;; ;;$x1;; ;;$x3;$x2;', ';;;$x0; ;;$x1;$x2; ;;$x3;; ;;$x1;; ;;$x3;$x2; ;;;$x0;', ';;;$x0; ;;$x1;$x0; ;;;$x0; ;;$x1;; ;;;$x2; ;;$x3;$x2; ;;$x3;;', ';;;$x0; ;;;$x0; ;;;$x1; ;;$x2;$x1; ;;$x2;; ;;$x3;; ;;$x3;;']"
15,14,16,""";;$x0;; ;;$x0;$x1; ;;;$x1; ;;;$x1; ;;;$x2; ;;;$x2;""",0.0015537121,5.75,0.4330127018922193,"[';;$x0;$x1; ;;;$x2; ;;;$x2; ;;;$x2; ;;;$x1; ;;$x0;;', ';;$x0;; ;;;$x1; ;;$x0;$x1; ;;;$x2; ;;;$x2; ;;;$x1;', ';;$x0;; ;;;$x1; ;;;$x1; ;;$x0;$x2; ;;;$x2; ;;;$x1;', ';;$x0;$x1; ;;;$x2; ;;;$x1; ;;;$x2; ;;;$x2; ;;$x0;;', ';;$x0;; ;;;$x1; ;;;$x1; ;;$x0;$x2; ;;;$x2; ;;;$x2;', ';;$x0;$x1; ;;$x0;$x1; ;;;$x2; ;;;$x2; ;;;$x1;', '$x0;;;$x1; $x0;;;$x1; ;;;$x1; ;;;$x1; ;;;$x2; ;;;$x2;', ';;$x0;$x1; ;;;$x2; ;;;$x1; ;;;$x1; ;;;$x2; ;;$x0;;', ';;$x0;; ;;$x0;$x1; ;;;$x1; ;;;$x1; ;;;$x2; ;;;$x2;', ';;$x0;$x1; ;;;$x2; ;;$x0;$x2; ;;;$x1; ;;;$x2;', ';;$x0;$x1; ;;;$x1; ;;$x0;; ;;;$x2; ;;;$x2; ;;;$x1;', ';;$x0;$x1; ;;;$x1; ;;$x0;$x1; ;;;$x1; ;;;$x2; ;;;$x2;', ';;$x0;$x1; ;;;$x1; ;;$x0;; ;;;$x2; ;;;$x2; ;;;$x2;', ';;$x0;$x1; ;;;$x2; ;;;$x1; ;;$x0;; ;;;$x2;', ';;$x0;$x1; ;;;$x2; ;;$x0;$x2; ;;;$x2; ;;;$x1;', ';;$x0;; ;;;$x1; ;;$x0;$x1; ;;;$x2; ;;;$x2; ;;;$x2;']"
16,7,20,""";;$x0;; ;;$x1;$x2; ;;;$x2; ;;$x1;$x3; ;;;$x3; ;;$x0;;""",0.0017598715,5.55,0.5894913061275798,"[';;$x0;; ;;$x1;$x2; ;;;$x3; ;;$x1;$x3; ;;$x0;$x2;', ';;$x0;; ;;$x1;$x2; ;;$x1;$x2; ;;$x0;$x3; ;;;$x3;', ';;$x0;; ;;$x1;; ;;$x0;; ;;$x1;$x2; ;;;$x2; ;;;$x3; ;;;$x3;', ';;$x0;; ;;$x1;$x2; ;;;$x2; ;;$x1;$x3; ;;;$x3; ;;$x0;;', ';;$x0;$x1; ;;;$x2; ;;$x3;$x1; ;;$x3;$x2; ;;$x0;;', ';;$x0;$x1; ;;;$x2; ;;$x3;; ;;$x3;$x2; ;;;$x1; ;;$x0;;', ';;$x0;; ;;$x1;$x2; ;;$x3;$x2; ;;$x1;; ;;$x3;; ;;$x0;;', ';;$x0;; ;;$x1;$x2; ;;$x0;$x2; ;;;$x3; ;;$x1;$x3;', ';;$x0;; ;;$x1;$x2; ;;;$x2; ;;$x0;$x3; ;;$x1;$x3;', ';;$x0;; ;;$x1;$x2; ;;$x3;; ;;$x1;; ;;$x3;$x2; ;;$x0;;', ';;$x0;; ;;$x1;; ;;$x0;$x2; ;;$x1;$x3; ;;;$x3; ;;;$x2;', ';;$x0;; ;;$x1;$x2; ;;$x0;; ;;$x1;$x3; ;;;$x3; ;;;$x2;', ';;$x0;; ;;$x1;$x2; ;;;$x3; ;;$x0;$x3; ;;$x1;$x2;', ';;$x0;; ;;$x1;$x2; ;;;$x3; ;;$x1;$x3; ;;;$x2; ;;$x0;;', ';;$x0;; ;;$x1;$x2; ;;;$x3; ;;$x1;$x2; ;;$x0;$x3;', ';;$x0;; ;;$x1;$x2; ;;$x0;$x2; ;;;$x3; ;;;$x3; ;;$x1;;', ';;$x0;; ;;$x1;$x2; ;;$x0;$x2; ;;$x1;$x3; ;;;$x3;', ';;$x0;$x1; ;;;$x2; ;;$x3;$x2; ;;$x3;$x1; ;;$x0;;', ';;$x0;; ;;$x1;$x2; ;;;$x2; ;;$x1;$x3; ;;$x0;$x3;', ';;$x0;; ;;$x1;$x2; ;;;$x3; ;;$x1;$x2; ;;;$x3; ;;$x0;;']"
17,29,5,""";;$x0;$x1; ;;$x2;$x1; ;;$x2;; ;;$x0;; ;;$x2;;""",0.0012213883,5.0,0.0,"[';;$x0;$x1; ;;$x0;$x1; ;;$x2;; ;;$x2;; ;;$x2;;', ';;$x0;$x1; ;;$x2;$x1; ;;$x0;; ;;$x2;; ;;$x2;;', ';;$x0;$x1; ;;$x0;$x1; ;;$x0;; ;;$x2;; ;;$x2;;', ';;$x0;$x1; ;;$x2;$x1; ;;$x2;; ;;$x0;; ;;$x2;;', ';;$x0;$x1; ;;$x0;$x1; ;;$x2;; ;;$x0;; ;;$x2;;']"
18,27,18,""";;$x0;$x1; ;;$x2;; ;;;$x3; ;;$x2;$x3; ;;$x0;$x1;""",0.0019507145,5.277777777777778,0.558326423395605,"[';;$x0;$x1; ;;$x2;$x1; ;;$x0;$x3; ;;$x2;$x3; ;;;$x4; ;;;$x4;', ';;$x0;$x1; ;;$x0;$x1; ;;;$x1; ;;$x2;$x3; ;;$x2;$x3;', ';;$x0;$x1; ;;$x0;$x1; ;;$x2;; ;;$x3;; ;;$x2;; ;;$x3;;', ';;$x0;$x1; ;;$x2;$x1; ;;$x0;$x3; ;;;$x3; ;;$x2;;', ';;$x0;$x1; ;;$x0;$x1; ;;$x2;$x3; ;;;$x3; ;;$x2;$x3;', ';;$x0;$x1; ;;$x0;$x1; ;;$x2;; ;;$x2;; ;;;$x3; ;;;$x3;', ';;$x0;$x1; ;;$x2;$x1; ;;;$x3; ;;$x0;$x3; ;;$x2;;', ';;$x0;$x1; ;;$x0;$x1; ;;$x2;; ;;;$x3; ;;$x2;; ;;;$x3;', ';;$x0;$x1; ;;$x2;; ;;;$x1; ;;$x0;$x3; ;;$x2;$x3;', ';;$x0;$x1; ;;$x0;$x1; ;;$x2;; ;;;$x3; ;;;$x3; ;;$x2;;', ';;$x0;$x1; ;;$x2;$x3; ;;$x0;$x3; ;;$x2;; ;;;$x1;', ';;$x0;$x1; ;;$x2;; ;;;$x3; ;;$x2;$x3; ;;$x0;$x1;', ';;$x0;$x1; ;;$x2;$x1; ;;$x2;$x3; ;;$x0;$x3;', ';;$x0;$x1; ;;$x0;$x1; ;;$x2;; ;;$x2;; ;;$x3;; ;;$x3;;', ';;$x0;$x1; ;;$x0;$x1; ;;$x2;$x3; ;;$x2;$x3; ;;;$x3;', ';;$x0;$x1; ;;$x2;$x1; ;;$x0;$x3; ;;$x2;; ;;;$x3;', ';;$x0;$x1; ;;$x2;$x3; ;;;$x3; ;;$x2;; ;;$x0;$x1;', ';;$x0;$x1; ;;$x2;$x1; ;;$x0;$x3; ;;$x2;$x3; ;;;$x1;']"
19,40,10,""";;;$x0; ;;$x1;$x0; ;;;$x2; ;;$x1;$x2; ;;$x1;;""",0.0009555815,5.0,0.4472135954999579,"[';;;$x0; ;;$x1;$x0; ;;;$x2; ;;$x1;$x2; ;;$x1;;', ';;;$x0; ;;$x1;$x2; ;;;$x2; ;;$x1;; ;;$x1;$x0;', ';;;$x0; ;;$x1;; ;;;$x0; ;;$x1;$x2; ;;$x1;$x2;', ';;;$x0; ;;$x1;; ;;;$x2; ;;$x1;$x2; ;;$x1;$x0;', ';;;$x0; ;;$x1;$x2; ;;$x1;; ;;;$x2; ;;$x1;$x0;', ';;;$x0; ;;$x1;$x2; ;;;$x0; ;;$x1;; ;;$x1;$x2;', ';;;$x0; ;;;$x0; ;;$x1;; ;;;$x2; ;;$x1;$x2; ;;$x1;;', ';;;$x0; ;;$x1;$x0; ;;$x1;$x2; ;;$x1;$x2;', ';;;$x0; ;;$x1;$x0; ;;$x1;; ;;;$x2; ;;$x1;$x2;', ';;;$x0; ;;$x1;$x0; ;;$x1;$x2; ;;;$x2; ;;$x1;;']"
20,10,12,""";;$x0;$x1; ;;$x0;$x1; ;;$x0;; ;;;$x2; ;;;$x2; ;;4;;""",0.002214181,5.833333333333333,0.6871842709362768,"[';;$x0;$x1; ;;$x0;$x1; ;;;$x2; ;;$x3;$x2; ;;$x3;; ;;4;;', ';;$x0;$x1; ;;$x0;$x1; ;;;$x2; ;;$x0;$x2; ;;4;;', ';;$x0;$x1; ;;$x0;$x1; ;;;$x1; ;;;$x2; ;;;$x2; ;;4;;', ';;$x0;$x1; ;;$x0;$x1; ;;$x0;$x2; ;;;$x2; ;;4;;', ';;$x0;; ;;;$x1; ;;;$x2; ;;;$x2; ;;$x0;$x1; ;;4;;', ';;$x0;; ;;;$x1; ;;$x0;$x1; ;;;$x1; ;;;$x2; ;;;$x2; ;;4;;', ';;$x0;$x1; ;;;$x2; ;;;$x1; ;;$x0;$x2; ;;4;;', ';;$x0;$x1; ;;$x0;$x1; ;;;$x2; ;;;$x2; ;;$x3;; ;;$x3;; ;;4;;', ';;$x0;$x1; ;;;$x2; $x3;;;$x2; $x3;;;$x2; ;;$x0;$x1;', ';;$x0;; ;;;$x1; ;;;$x1; ;;$x0;$x2; ;;;$x2; ;;4;;', ';;$x0;$x1; ;;$x0;$x1; ;;$x0;; ;;;$x2; ;;;$x2; ;;4;;', ';;$x0;$x1; ;;;$x2; ;;$x0;; ;;;$x1; ;;;$x2; ;;4;;']"
21,16,9,""";;;$x0; $x1;;;$x2; $x1;;;$x2; ;;;$x0; ;;$x3;; ;;$x3;; ;;4;;""",0.0027216051,6.111111111111111,0.7370277311900888,"[';;;$x0; $x1;;;$x2; $x1;;;$x2; $x3;;;$x4; $x3;;;$x4; ;;;$x0;', ';;;$x0; $x1;;;$x2; $x1;;;$x2; ;;$x3;; ;;$x3;$x0;', ';;;$x0; $x1;;;$x2; $x1;;;$x2; ;;;$x0; ;;;$x3; ;;;$x3; ;;4;;', ';;;$x0; $x1;;;$x2; $x1;;;$x2; ;;$x3;; ;;$x3;; ;;;$x0;', '$x0;;;$x1; $x0;;;$x1; ;;;$x2; ;;;$x2; ;;$x3;; ;;$x3;; ;;4;;', ';;;$x0; $x1;;;$x2; $x1;;;$x2; ;;;$x0; ;;$x3;; ;;$x3;; ;;4;;', ';;;$x0; $x1;;;$x2; $x1;;;$x2; ;;$x3;$x0; ;;$x3;; ;;4;;', '$x0;;;$x1; $x0;;;$x1; ;;;$x2; ;;$x3;; ;;$x3;$x2; ;;4;;', ';;;$x0; $x1;;;$x2; $x1;;;$x2; ;;$x3;$x0; ;;$x3;$x2;']"
22,41,10,""";;;$x0; ;;$x1;$x0; ;;$x1;$x2; ;;$x3;$x2; ;;$x3;;""",0.0019465543,5.3,0.45825756949558405,"[';;;$x0; ;;$x1;$x2; ;;$x3;$x2; ;;$x3;; ;;$x1;$x0;', ';;;$x0; ;;$x1;$x2; ;;$x3;; ;;$x1;$x2; ;;$x3;$x0;', ';;;$x0; ;;$x1;$x0; ;;$x1;$x2; ;;;$x2; ;;$x3;; ;;$x3;;', ';;$x0;$x1; ;;;$x1; ;;$x0;$x2; ;;$x3;; ;;$x3;$x2;', ';;$x0;$x1; ;;;$x1; ;;$x0;$x2; ;;$x3;$x2; ;;$x3;;', ';;;$x0; ;;$x1;$x2; ;;$x3;$x0; ;;$x3;; ;;$x1;$x2;', ';;$x0;$x1; ;;;$x1; ;;$x0;$x2; ;;;$x2; ;;$x3;; ;;$x3;;', ';;;$x0; ;;$x1;$x2; ;;$x3;$x2; ;;$x1;$x4; ;;$x3;$x4; ;;;$x0;', ';;;$x0; ;;$x1;$x0; ;;$x1;$x2; ;;$x3;$x2; ;;$x3;;', ';;;$x0; ;;$x1;$x0; ;;$x1;$x2; ;;$x3;; ;;$x3;$x2;']"
23,3,10,""";;$x0;$x1; ;;$x2;$x1; ;;$x2;$x1; ;;$x0;; ;;4;;""",0.002279804,5.5,0.5,"[';;$x0;$x1; ;;$x0;$x1; ;;$x2;$x3; ;;$x2;$x3; ;;4;;', ';;$x0;; ;;;$x1; ;;$x0;$x1; ;;$x2;; ;;$x2;; ;;4;;', ';;$x0;; ;;;$x1; ;;$x2;$x1; ;;$x0;; ;;$x2;; ;;4;;', ';;$x0;$x1; ;;$x2;$x1; ;;$x2;$x1; ;;$x0;; ;;4;;', ';;$x0;$x1; ;;$x2;$x1; ;;$x0;; ;;$x2;$x1; ;;4;;', ';;$x0;$x1; ;;$x2;$x1; ;;$x0;$x3; ;;$x2;$x3; ;;4;;', ';;$x0;$x1; ;;$x2;; ;;$x0;; ;;$x2;; ;;;$x1; ;;4;;', ';;$x0;; ;;;$x1; ;;$x2;$x1; ;;$x2;$x1; ;;$x0;; ;;4;;', ';;$x0;$x1; ;;$x2;$x3; ;;$x0;$x3; ;;$x2;$x1; ;;4;;', ';;$x0;$x1; ;;$x0;$x1; ;;$x2;; ;;;$x3; ;;$x2;$x3; ;;4;;']"
24,9,23,""";;$x0;$x1; ;;;$x1; ;;$x2;$x1; ;;$x0;; ;;$x2;;""",0.0015925497,5.086956521739131,0.6536215816683872,"[';;$x0;$x1; ;;$x2;$x1; ;;$x2;; ;;;$x1; ;;$x0;;', ';;$x0;$x1; ;;$x2;; ;;;$x1; ;;$x0;$x1; ;;$x2;;', ';;$x0;$x1; ;;$x2;$x1; ;;$x0;$x1; ;;$x2;$x1;', ';;$x0;$x1; ;;$x0;$x1; ;;$x2;; ;;$x2;$x1;', ';;$x0;; ;;$x0;$x1; ;;;$x1; ;;;$x1; ;;$x2;; ;;$x2;;', ';;$x0;; ;;;$x1; ;;$x2;; ;;$x0;$x1; ;;$x2;;', ';;$x0;$x1; ;;;$x1; ;;$x0;$x1; ;;$x2;; ;;$x2;;', ';;$x0;; ;;;$x1; ;;;$x1; ;;$x0;; ;;$x2;; ;;$x2;;', ';;$x0;; ;;;$x1; ;;$x2;; ;;;$x1; ;;$x2;$x1; ;;$x0;;', ';;$x0;$x1; ;;$x2;$x1; ;;$x2;; ;;$x0;$x1;', ';;$x0;$x1; ;;;$x1; ;;$x2;; ;;$x2;$x1; ;;$x0;;', ';;$x0;$x1; ;;$x2;; ;;$x2;$x1; ;;;$x1; ;;$x0;;', ';;$x0;$x1; ;;$x2;$x1; ;;;$x1; ;;$x2;$x1; ;;$x0;;', ';;$x0;$x1; ;;$x2;; ;;$x0;; ;;$x2;$x1; ;;;$x1;', ';;$x0;; ;;;$x1; ;;$x2;$x1; ;;$x2;; ;;$x0;$x1;', ';;$x0;$x1; ;;$x2;$x1; ;;;$x1; ;;$x0;; ;;$x2;;', ';;$x0;; ;;;$x1; ;;$x2;; ;;$x2;; ;;;$x1; ;;$x0;;', ';;$x0;; ;;;$x1; ;;$x2;$x1; ;;;$x1; ;;$x2;; ;;$x0;;', ';;$x0;$x1; ;;$x2;; ;;$x2;; ;;$x0;; ;;;$x1;', ';;$x0;; ;;;$x1; ;;;$x1; ;;$x2;$x1; ;;$x2;; ;;$x0;;', ';;$x0;$x1; ;;;$x1; ;;$x2;$x1; ;;$x2;; ;;$x0;;', ';;$x0;$x1; ;;;$x1; ;;$x2;$x1; ;;$x0;; ;;$x2;;', ';;$x0;; ;;$x0;$x1; ;;$x2;$x1; ;;$x2;$x1;']"
25,36,10,""";;$x0;; ;;$x1;; ;;;$x2; ;;$x1;$x2; ;;$x0;; ;;4;;""",0.001518271,6.1,0.5385164807134504,"[';;$x0;; ;;$x1;; ;;$x1;$x2; ;;;$x2; ;;$x0;; ;;4;;', ';;$x0;; ;;$x1;$x2; ;;;$x2; ;;$x1;; ;;$x0;; ;;4;;', ';;$x0;; ;;$x1;; ;;$x0;$x2; ;;$x1;$x2; ;;;$x2; ;;4;;', ';;$x0;; ;;$x1;; ;;$x0;$x2; ;;$x1;$x2; ;;;$x3; ;;;$x3; ;;4;;', ';;$x0;; ;;$x1;; ;;$x0;; ;;;$x2; ;;$x1;$x2; ;;4;;', ';;$x0;; ;;$x0;; ;;$x1;; ;;;$x2; ;;;$x2; ;;$x1;; ;;4;;', ';;$x0;; ;;$x1;$x2; ;;$x0;$x3; ;;$x1;$x3; ;;;$x2; ;;4;;', ';;$x0;; ;;$x1;; ;;$x1;$x2; ;;$x0;$x2; ;;4;;', ';;$x0;; ;;$x1;; ;;;$x2; ;;$x1;$x2; ;;$x0;; ;;4;;', ';;$x0;; ;;$x1;; ;;$x0;$x2; ;;;$x2; ;;$x1;; ;;4;;']"
26,1,26,""";;;$x0; ;;$x1;$x2; ;;;$x2; ;;;$x0; ;;$x1;$x0;""",0.0012471059,5.730769230769231,0.4435600997950306,"[';;;$x0; ;;;$x0; ;;$x1;; ;;$x1;$x0; ;;;$x2; ;;;$x2;', ';;;$x0; ;;$x1;$x0; ;;;$x0; ;;$x1;$x2; ;;;$x2; ;;;$x2;', ';;;$x0; ;;;$x0; ;;$x1;$x2; ;;;$x2; ;;$x1;$x2; ;;;$x0;', ';;;$x0; ;;$x1;$x0; ;;;$x0; ;;$x1;$x2; ;;;$x2; ;;;$x0;', ';;;$x0; ;;$x1;; ;;$x1;$x0; ;;;$x0; ;;;$x2; ;;;$x2;', ';;;$x0; ;;$x1;$x0; ;;;$x0; ;;$x1;$x0; ;;;$x2; ;;;$x2;', ';;;$x0; ;;$x1;$x2; ;;;$x0; ;;;$x0; ;;$x1;$x2;', ';;;$x0; ;;$x1;$x0; ;;;$x2; ;;$x1;$x2; ;;;$x0; ;;;$x0;', ';;;$x0; ;;$x1;$x0; ;;;$x2; ;;;$x2; ;;$x1;$x0;', ';;;$x0; ;;;$x0; ;;;$x0; ;;$x1;$x2; ;;;$x2; ;;$x1;$x2;', ';;;$x0; ;;;$x0; ;;$x1;$x0; ;;$x1;; ;;;$x2; ;;;$x2;', ';;;$x0; ;;;$x0; ;;;$x0; ;;$x1;$x2; ;;$x1;; ;;;$x2;', ';;;$x0; ;;$x1;$x2; ;;;$x2; ;;;$x0; ;;$x1;$x0;', ';;;$x0; ;;;$x0; ;;$x1;$x0; ;;;$x2; ;;;$x2; ;;$x1;;', ';;;$x0; ;;;$x0; ;;$x1;$x0; ;;$x1;$x2; ;;;$x2;', ';;;$x0; ;;;$x0; ;;$x1;$x2; ;;;$x2; ;;;$x0; ;;$x1;;', ';;;$x0; ;;$x1;$x2; ;;;$x2; ;;$x1;$x2; ;;;$x0; ;;;$x0;', ';;;$x0; ;;$x1;$x0; ;;$x1;; ;;;$x2; ;;;$x2; ;;;$x0;', ';;;$x0; ;;;$x0; ;;;$x0; ;;$x1;; ;;$x1;$x2; ;;;$x2;', ';;;$x0; ;;$x1;$x2; ;;;$x0; ;;;$x2; ;;$x1;$x2;', ';;;$x0; ;;;$x0; ;;$x1;$x2; ;;$x1;$x0; ;;;$x2;', ';;;$x0; ;;;$x0; ;;$x1;$x2; ;;$x1;; ;;;$x0; ;;;$x2;', ';;;$x0; ;;$x1;$x0; ;;;$x0; ;;;$x2; ;;$x1;$x2;', ';;;$x0; ;;;$x0; ;;$x1;$x2; ;;$x1;; ;;;$x2; ;;;$x0;', ';;;$x0; ;;;$x0; ;;;$x0; ;;;$x0; ;;$x1;$x2; ;;$x1;$x2;', ';;;$x0; ;;$x1;$x2; ;;$x1;; ;;;$x2; ;;;$x0; ;;;$x0;']"
27,22,7,""";;;$x0; ;;$x1;; $x2;;$x1;$x3; $x2;;;$x3; ;;;$x0;""",0.0008688938,5.285714285714286,0.45175395145262565,"[';;;$x0; ;;;$x0; ;;$x1;; ;;$x1;; $x2;;;$x3; $x2;;;$x3;', ';;;$x0; ;;;$x0; ;;$x1;; $x2;;$x1;$x3; $x2;;;$x3;', ';;;$x0; ;;$x1;$x0; ;;$x1;; $x2;;;$x3; $x2;;;$x3;', ';;;$x0; ;;$x1;; $x2;;;$x3; $x2;;$x1;$x3; ;;;$x0;', ';;;$x0; ;;;$x0; ;;$x1;; $x2;;;$x3; $x2;;$x1;$x3;', ';;;$x0; ;;$x1;; ;;;$x0; ;;$x1;; $x2;;;$x3; $x2;;;$x3;', ';;;$x0; ;;$x1;; $x2;;$x1;$x3; $x2;;;$x3; ;;;$x0;']"
28,18,20,""";;$x0;; ;;$x1;; ;;$x1;$x2; ;;$x0;; ;;;$x2;""",0.0019942087,5.4,0.66332495807108,"[';;$x0;; ;;$x1;; ;;$x1;; ;;;$x2; ;;;$x2; ;;$x0;;', ';;$x0;; ;;$x1;$x2; ;;;$x2; ;;$x1;; ;;;$x2; ;;$x0;;', ';;$x0;; ;;$x1;; ;;;$x2; ;;$x0;; ;;$x1;$x2;', ';;$x0;; ;;$x1;; ;;$x1;; ;;$x1;; ;;$x0;;', ';;$x0;; ;;$x1;$x2; ;;;$x2; ;;$x0;$x2; ;;$x1;;', ';;$x0;; ;;$x1;; ;;;$x2; ;;$x1;$x2; ;;;$x2; ;;$x0;;', ';;$x0;; ;;$x1;$x2; ;;;$x2; ;;$x1;; ;;$x0;$x2;', ';;$x0;; ;;$x1;; ;;$x0;; ;;$x1;; ;;;$x2; ;;;$x2; ;;;$x2;', ';;$x0;; ;;$x1;$x2; ;;$x0;$x2; ;;$x1;; ;;$x1;;', ';;$x0;; ;;$x1;$x2; ;;$x0;; ;;$x1;$x2; ;;;$x2;', ';;$x0;; ;;$x1;; ;;;$x2; ;;$x1;$x2; ;;$x0;$x2;', ';;$x0;; ;;$x1;; ;;$x1;$x2; ;;$x0;; ;;;$x2;', ';;$x0;; ;;$x1;; ;;$x0;; ;;$x1;$x2; ;;$x0;$x2;', ';;$x0;; ;;$x1;$x2; ;;$x1;$x2; ;;$x0;$x2;', ';;$x0;; ;;$x1;; ;;$x0;; ;;;$x2; ;;$x1;; ;;;$x2;', ';;$x0;; ;;$x1;$x2; ;;$x1;$x2; ;;;$x2; ;;$x0;;', ';;$x0;; ;;$x1;; ;;$x1;; ;;$x0;; ;;;$x2; ;;;$x2;', ';;$x0;; ;;$x1;$x2; ;;;$x2; ;;$x1;; ;;$x0;; ;;;$x2;', ';;$x0;; ;;$x1;; ;;;$x2; ;;$x0;; ;;$x1;; ;;;$x2;', ';;$x0;; ;;$x1;$x2; ;;$x0;$x2; ;;$x0;; ;;$x1;;']"
29,17,19,""";;;$x0; ;;$x1;; ;;$x1;$x2; ;;;$x0; ;;;$x2; ;;4;;""",0.0016148814,6.526315789473684,0.7517293082676685,"[';;;$x0; ;;$x1;$x2; ;;$x1;; ;;;$x0; ;;;$x2; ;;4;;', ';;;$x0; ;;$x1;; ;;$x1;; ;;;$x2; ;;;$x2; ;;;$x0; ;;4;;', ';;;$x0; ;;;$x0; ;;$x1;; ;;;$x2; ;;$x1;; ;;;$x2; ;;4;;', ';;;$x0; ;;;$x0; ;;$x1;$x2; ;;;$x2; ;;$x1;$x2; ;;4;;', ';;;$x0; ;;$x1;$x2; ;;;$x2; ;;$x1;; ;;;$x2; ;;;$x0; ;;4;;', ';;;$x0; ;;$x1;; ;;$x1;; ;;$x1;$x0; ;;4;;', ';;;$x0; ;;;$x0; ;;;$x0; ;;$x1;; ;;;$x2; ;;$x1;$x2; ;;4;;', ';;;$x0; ;;$x1;$x0; ;;$x1;; ;;$x1;; ;;4;;', ';;;$x0; ;;$x1;$x0; ;;;$x2; ;;$x1;; ;;;$x2; ;;;$x0; ;;4;;', ';;;$x0; ;;$x1;$x0; ;;;$x0; ;;$x1;; ;;;$x2; ;;;$x2; ;;4;;', ';;;$x0; ;;;$x0; ;;$x1;; ;;;$x2; ;;$x1;$x2; ;;;$x0; ;;4;;', ';;;$x0; ;;;$x0; ;;$x1;; ;;$x1;$x2; ;;;$x2; ;;4;;', ';;;$x0; ;;$x1;; ;;$x1;$x2; ;;;$x0; ;;;$x2; ;;4;;', ';;;$x0; ;;;$x0; ;;;$x0; ;;$x1;; ;;$x1;; ;;;$x2; ;;;$x2; ;;4;;', ';;;$x0; ;;;$x0; ;;$x1;$x0; ;;;$x2; ;;$x1;$x2; ;;4;;', ';;;$x0; ;;;$x0; ;;$x1;; ;;$x1;; ;;;$x2; ;;$x1;$x2; ;;4;;', ';;;$x0; ;;$x1;; ;;;$x2; ;;$x1;$x2; ;;;$x2; ;;;$x0; ;;4;;', ';;;$x0; ;;;$x0; ;;$x1;$x2; ;;$x1;$x2; ;;;$x0; ;;4;;', ';;;$x0; ;;;$x0; ;;$x1;; ;;;$x2; ;;;$x2; ;;$x1;; ;;4;;']"
30,28,19,""";;;$x0; ;;$x1;$x2; ;;;$x2; ;;$x1;; ;;;$x3; ;;;$x3; ;;;$x0;""",0.0011649173,6.631578947368421,0.6657426652986062,"[';;;$x0; ;;$x1;$x2; ;;;$x2; ;;$x1;; ;;;$x3; ;;;$x3; ;;;$x0;', ';;;$x0; ;;;$x0; ;;$x1;; ;;$x1;$x2; ;;;$x2; ;;;$x3; ;;;$x3;', ';;;$x0; ;;;$x0; ;;$x1;; ;;;$x2; ;;$x1;$x3; ;;;$x3; ;;;$x2;', ';;;$x0; ;;;$x0; ;;$x1;$x2; ;;;$x2; ;;$x1;; ;;;$x3; ;;;$x3;', ';;;$x0; ;;;$x0; ;;$x1;$x2; ;;;$x3; ;;$x1;$x3; ;;;$x2;', ';;;$x0; ;;$x1;$x0; ;;$x1;; ;;;$x2; ;;;$x3; ;;;$x3; ;;;$x2;', ';;;$x0; ;;$x1;$x0; ;;$x1;$x2; ;;;$x3; ;;;$x3; ;;;$x2;', ';;;$x0; ;;;$x0; ;;$x1;$x2; ;;$x1;$x2; ;;;$x3; ;;;$x3;', ';;;$x0; ;;;$x0; ;;$x1;$x2; ;;;$x2; ;;$x1;$x3; ;;;$x3;', ';;;$x0; ;;;$x0; ;;;$x1; ;;;$x1; ;;;$x2; ;;;$x3; ;;;$x3; ;;;$x2;', ';;;$x0; ;;$x1;$x0; ;;$x1;; ;;;$x2; ;;;$x2; ;;;$x3; ;;;$x3;', ';;;$x0; ;;;$x0; ;;$x1;; ;;$x1;; ;;;$x2; ;;;$x2; ;;;$x3; ;;;$x3;', ';;;$x0; ;;$x1;; ;;;$x2; ;;$x1;$x2; ;;;$x3; ;;;$x3; ;;;$x0;', ';;;$x0; ;;$x1;$x0; ;;;$x2; ;;;$x2; ;;;$x3; ;;$x1;$x3;', ';;;$x0; ;;;$x0; ;;$x1;$x2; ;;;$x3; ;;$x1;$x2; ;;;$x3;', ';;;$x0; ;;$x1;$x0; ;;;$x2; ;;$x1;$x3; ;;;$x2; ;;;$x3;', ';;;$x0; ;;$x1;$x2; ;;$x1;$x2; ;;;$x0; ;;;$x3; ;;;$x3;', ';;;$x0; ;;$x1;$x0; ;;$x1;$x2; ;;;$x2; ;;;$x3; ;;;$x3;', ';;;$x0; ;;;$x0; ;;$x1;; ;;;$x2; ;;;$x3; ;;$x1;$x3; ;;;$x2;']"
31,38,12,""";;;$x0; ;;$x1;$x0; ;;;$x0; ;;$x1;; ;;;$x0; ;;;$x0;""",0.0017169617,5.583333333333333,0.6400954789890507,"[';;;$x0; ;;;$x0; ;;;$x0; ;;;$x1; ;;;$x1; ;;;$x1; ;;;$x0;', ';;;$x0; ;;;$x0; ;;$x1;; ;;$x1;; ;;;$x0; ;;;$x0;', ';;;$x0; ;;;$x0; ;;;$x0; ;;$x1;; ;;;$x0; ;;$x1;;', ';;;$x0; ;;$x1;$x0; ;;;$x0; ;;$x1;; ;;;$x0; ;;;$x0;', ';;;$x0; ;;$x1;; ;;;$x0; ;;;$x0; ;;$x1;$x0;', ';;;$x0; ;;;$x0; ;;;$x0; ;;;$x0; ;;;$x0; ;;;$x0;', ';;;$x0; ;;$x1;$x0; ;;;$x0; ;;;$x0; ;;$x1;;', ';;;$x0; ;;;$x0; ;;$x1;$x0; ;;$x1;; ;;;$x0;', ';;;$x0; ;;;$x0; ;;$x1;$x0; ;;;$x0; ;;$x1;$x0;', ';;;$x0; ;;;$x0; ;;;$x0; ;;$x1;; ;;$x1;; ;;;$x0;', ';;;$x0; ;;;$x0; ;;;$x0; ;;$x1;$x0; ;;$x1;$x0;', ';;;$x0; ;;;$x0; ;;$x1;; ;;$x1;$x0; ;;;$x0;']"
32,4,17,""";;;$x0; ;;;$x0; ;;$x1;$x2; ;;;$x2; ;;$x1;; ;;;$x2;""",0.0014599096,6.235294117647059,0.6443794794178425,"[';;;$x0; ;;$x1;; ;;;$x2; ;;;$x0; ;;;$x2; ;;$x1;;', ';;;$x0; ;;;$x0; ;;$x1;; ;;;$x2; ;;$x1;; ;;;$x2; ;;;$x0;', ';;;$x0; ;;$x1;; ;;;$x2; ;;;$x2; ;;$x1;; ;;;$x0;', ';;;$x0; ;;;$x0; ;;$x1;$x2; ;;$x1;; ;;;$x2; ;;;$x2;', ';;;$x0; ;;$x1;$x2; ;;;$x2; ;;$x1;$x2; ;;;$x0; ;;;$x2;', ';;;$x0; ;;$x1;$x2; ;;;$x2; ;;;$x2; ;;;$x0; ;;$x1;;', ';;;$x0; ;;;$x0; ;;$x1;$x2; ;;;$x2; ;;$x1;; ;;;$x2;', ';;;$x0; ;;$x1;$x2; ;;;$x2; ;;$x1;$x2; ;;;$x2; ;;;$x0;', ';;;$x0; ;;;$x0; ;;;$x0; ;;$x1;; ;;;$x2; ;;;$x2; ;;$x1;;', ';;;$x0; ;;$x1;$x2; ;;;$x2; ;;;$x2; ;;$x1;$x0;', ';;;$x0; ;;;$x0; ;;$x1;; ;;;$x2; ;;;$x2; ;;;$x2; ;;$x1;;', ';;;$x0; ;;;$x0; ;;$x1;; ;;$x1;; ;;;$x2; ;;$x1;; ;;;$x2;', ';;;$x0; ;;$x1;$x0; ;;$x1;; ;;;$x2; ;;;$x2; ;;;$x2;', ';;;$x0; ;;;$x0; ;;$x1;; ;;;$x2; ;;;$x2; ;;$x1;; ;;;$x2;', ';;;$x0; ;;$x1;$x0; ;;;$x2; ;;;$x2; ;;$x1;$x2;', ';;;$x0; ;;;$x0; ;;;$x0; ;;$x1;; ;;;$x2; ;;$x1;; ;;;$x2;', ';;;$x0; ;;$x1;; ;;;$x0; ;;;$x2; ;;;$x2; ;;$x1;;']"
33,6,10,""";;$x0;$x1; ;;$x0;; ;;;$x1; ;;$x0;$x1;""",0.001238207,4.2,0.6,"[';;$x0;; ;;$x0;$x1; ;;;$x1; ;;;$x1; ;;$x0;;', ';;$x0;$x1; ;;$x0;; ;;;$x1; ;;$x0;$x1;', ';;$x0;$x1; ;;$x0;$x1; ;;$x0;$x1;', ';;$x0;$x1; ;;;$x1; ;;;$x1; ;;$x0;; ;;$x0;;', ';;$x0;$x1; ;;;$x1; ;;$x0;; ;;$x0;$x1;', ';;$x0;$x1; ;;$x0;$x1; ;;$x0;; ;;;$x1;', ';;$x0;; ;;;$x1; ;;$x0;$x1; ;;$x0;; ;;;$x1;', ';;$x0;; ;;$x0;$x1; ;;$x0;$x1; ;;;$x1;', ';;$x0;; ;;;$x1; ;;$x0;$x1; ;;$x0;$x1;', ';;$x0;; ;;$x0;$x1; ;;;$x1; ;;$x0;$x1;']"
34,45,13,""";;;$x0; ;;;$x1; ;;;$x1; ;;;$x1; ;;;$x0; ;;;$x0; ;;4;;""",0.00078292197,7.0,0.0,"[';;;$x0; ;;;$x1; ;;;$x0; ;;;$x1; ;;;$x1; ;;;$x1; ;;4;;', ';;;$x0; ;;;$x1; ;;;$x1; ;;;$x1; ;;;$x0; ;;;$x1; ;;4;;', ';;;$x0; ;;;$x0; ;;;$x0; ;;;$x1; ;;;$x1; ;;;$x1; ;;4;;', ';;;$x0; ;;;$x0; ;;;$x1; ;;;$x1; ;;;$x0; ;;;$x1; ;;4;;', ';;;$x0; ;;;$x0; ;;;$x1; ;;;$x0; ;;;$x1; ;;;$x1; ;;4;;', ';;;$x0; ;;;$x1; ;;;$x1; ;;;$x1; ;;;$x0; ;;;$x0; ;;4;;', ';;;$x0; ;;;$x1; ;;;$x1; ;;;$x0; ;;;$x0; ;;;$x1; ;;4;;', ';;;$x0; ;;;$x1; ;;;$x0; ;;;$x1; ;;;$x0; ;;;$x1; ;;4;;', ';;;$x0; ;;;$x0; ;;;$x1; ;;;$x1; ;;;$x1; ;;;$x0; ;;4;;', ';;;$x0; ;;;$x1; ;;;$x1; ;;;$x1; ;;;$x1; ;;;$x0; ;;4;;', ';;;$x0; ;;;$x1; ;;;$x0; ;;;$x0; ;;;$x1; ;;;$x1; ;;4;;', ';;;$x0; ;;;$x0; ;;;$x1; ;;;$x1; ;;;$x1; ;;;$x1; ;;4;;', ';;;$x0; ;;;$x1; ;;;$x0; ;;;$x1; ;;;$x1; ;;;$x0; ;;4;;']"
35,12,16,""";;;$x0; ;;;$x0; ;;;$x1; ;;;$x1; ;;;$x2; ;;;$x2; ;;;$x1;""",0.0011210404,7.0625,0.24206145913796356,"[';;;$x0; ;;;$x0; ;;;$x0; ;;;$x1; ;;;$x1; ;;;$x2; ;;;$x2; ;;;$x2;', ';;;$x0; ;;;$x0; ;;;$x1; ;;;$x2; ;;;$x2; ;;;$x1; ;;;$x1;', ';;;$x0; ;;;$x0; ;;;$x1; ;;;$x2; ;;;$x2; ;;;$x1; ;;;$x2;', ';;;$x0; ;;;$x1; ;;;$x2; ;;;$x2; ;;;$x1; ;;;$x2; ;;;$x0;', ';;;$x0; ;;;$x1; ;;;$x2; ;;;$x1; ;;;$x2; ;;;$x1; ;;;$x0;', ';;;$x0; ;;;$x1; ;;;$x2; ;;;$x2; ;;;$x2; ;;;$x1; ;;;$x0;', ';;;$x0; ;;;$x0; ;;;$x1; ;;;$x1; ;;;$x2; ;;;$x2; ;;;$x0;', ';;;$x0; ;;;$x0; ;;;$x1; ;;;$x1; ;;;$x2; ;;;$x2; ;;;$x1;', ';;;$x0; ;;;$x1; ;;;$x1; ;;;$x2; ;;;$x2; ;;;$x1; ;;;$x0;', ';;;$x0; ;;;$x1; ;;;$x2; ;;;$x1; ;;;$x1; ;;;$x2; ;;;$x0;', ';;;$x0; ;;;$x1; ;;;$x1; ;;;$x1; ;;;$x2; ;;;$x2; ;;;$x0;', ';;;$x0; ;;;$x0; ;;;$x1; ;;;$x2; ;;;$x1; ;;;$x1; ;;;$x2;', ';;;$x0; ;;;$x1; ;;;$x2; ;;;$x2; ;;;$x1; ;;;$x1; ;;;$x0;', ';;;$x0; ;;;$x1; ;;;$x2; ;;;$x1; ;;;$x2; ;;;$x2; ;;;$x0;', ';;;$x0; ;;;$x0; ;;;$x1; ;;;$x2; ;;;$x2; ;;;$x1; ;;;$x0;', ';;;$x0; ;;;$x0; ;;;$x0; ;;;$x1; ;;;$x1; ;;;$x1; ;;;$x1;']"
36,20,9,""";;;$x0; ;;$x1;; ;;$x1;; ;;;$x0; ;;$x1;$x0;""",0.0010027261,5.0,0.4714045207910317,"[';;;$x0; ;;$x1;; ;;$x1;; ;;;$x0; ;;$x1;$x0;', ';;;$x0; ;;;$x0; ;;$x1;; ;;$x1;; ;;$x1;$x0;', ';;;$x0; ;;$x1;$x0; ;;$x1;; ;;$x1;$x0;', ';;;$x0; ;;$x1;$x0; ;;;$x0; ;;$x1;; ;;$x1;;', ';;;$x0; ;;$x1;$x0; ;;$x1;; ;;$x1;; ;;$x1;;', ';;;$x0; ;;$x1;$x0; ;;$x1;; ;;;$x0; ;;$x1;;', ';;;$x0; ;;;$x0; ;;$x1;$x0; ;;$x1;; ;;$x1;;', ';;;$x0; ;;$x1;; ;;;$x0; ;;$x1;; ;;$x1;$x0;', ';;;$x0; ;;;$x0; ;;;$x0; ;;$x1;; ;;$x1;; ;;$x1;;']"
37,2,17,""";;$x0;$x1; ;;$x2;; ;;;$x1; ;;$x2;$x3; ;;;$x3; ;;$x0;;""",0.0014310876,5.529411764705882,0.4991341984846218,"[';;$x0;; ;;;$x1; ;;$x2;$x3; ;;;$x1; ;;$x2;$x3; ;;$x0;;', ';;$x0;$x1; ;;$x2;$x1; ;;$x0;; ;;;$x3; ;;$x2;$x3;', ';;$x0;$x1; ;;;$x1; ;;$x2;$x3; ;;$x2;$x3; ;;$x0;;', ';;$x0;$x1; ;;$x2;$x3; ;;$x2;$x1; ;;;$x3; ;;$x0;;', ';;$x0;; ;;;$x1; ;;$x2;$x3; ;;;$x3; ;;$x2;$x1; ;;$x0;;', ';;$x0;$x1; ;;$x2;$x1; ;;$x0;; ;;$x2;; ;;$x3;; ;;$x3;;', ';;$x0;; ;;;$x1; ;;$x2;; ;;$x2;$x1; ;;;$x3; ;;$x0;$x3;', ';;$x0;$x1; ;;$x2;; ;;;$x1; ;;$x2;$x3; ;;;$x3; ;;$x0;;', ';;$x0;$x1; ;;$x2;; ;;;$x3; ;;$x2;$x3; ;;;$x1; ;;$x0;;', ';;$x0;; ;;;$x1; ;;$x2;$x1; ;;$x2;$x3; ;;$x0;$x3;', ';;$x0;$x1; ;;$x2;$x1; ;;$x0;; ;;$x2;$x3; ;;;$x3;', ';;$x0;$x1; ;;$x2;$x3; ;;$x0;; ;;$x2;$x3; ;;;$x1;', ';;$x0;; ;;$x0;; ;;;$x1; ;;;$x1; ;;$x2;$x3; ;;$x2;$x3;', ';;$x0;$x1; ;;$x2;; ;;$x2;$x3; ;;;$x3; ;;;$x1; ;;$x0;;', ';;$x0;$x1; ;;$x2;; ;;$x0;; ;;$x2;$x3; ;;;$x3; ;;;$x1;', ';;$x0;$x1; ;;$x2;$x3; ;;;$x3; ;;$x0;; ;;$x2;$x1;', ';;$x0;$x1; ;;$x2;$x3; ;;$x0;; ;;$x2;$x1; ;;;$x3;']"
38,43,4,"""$x0;;;$x1; ;;;$x2; $x0;;;$x1; ;;;$x2; ;;4;;""",0.0011136322,5.5,0.5,"['$x0;;;$x1; ;;;$x2; ;;;$x2; $x0;;;$x1; ;;4;;', '$x0;;;$x1; ;;;$x2; $x0;;;$x1; ;;;$x2; ;;4;;', '$x0;;;$x1; $x0;;;$x1; ;;;$x1; ;;;$x2; ;;;$x2; ;;4;;', '$x0;;;$x1; $x0;;;$x1; ;;;$x2; ;;;$x2; ;;;$x2; ;;4;;']"
39,0,8,""";;;$x0; ;;$x1;$x2; ;;;$x2; ;;$x1;$x3; ;;;$x3; ;;;$x0; ;;4;;""",0.0018675271,7.125,0.33071891388307384,"[';;;$x0; ;;;$x0; ;;;$x1; ;;$x2;$x1; ;;;$x3; ;;$x2;$x3; ;;4;;', ';;$x0;$x1; ;;$x0;$x1; ;;;$x2; ;;;$x2; ;;;$x3; ;;;$x3; ;;4;;', ';;;$x0; ;;$x1;$x2; ;;;$x2; ;;$x1;$x3; ;;;$x3; ;;;$x0; ;;4;;', ';;$x0;$x1; ;;;$x1; ;;$x0;$x2; ;;;$x2; ;;;$x3; ;;;$x3; ;;4;;', ';;;$x0; ;;;$x0; ;;;$x1; ;;;$x2; ;;$x3;$x2; ;;$x3;$x1; ;;4;;', ';;;$x0; ;;;$x0; ;;$x1;; ;;;$x2; ;;$x1;$x2; ;;;$x3; ;;;$x3; ;;4;;', ';;;$x0; ;;;$x1; ;;$x2;$x1; ;;;$x3; ;;$x2;$x3; ;;;$x0; ;;4;;', ';;;$x0; ;;;$x0; ;;;$x1; ;;$x2;$x3; ;;;$x1; ;;$x2;$x3; ;;4;;']"
40,26,8,""";;$x0;$x1; ;;$x0;$x2; ;;;$x1; ;;;$x3; ;;;$x3; ;;;$x2;""",0.00091309275,6.5,0.5,"[';;$x0;$x1; ;;$x0;$x2; ;;;$x1; ;;;$x3; ;;;$x3; ;;;$x2;', ';;$x0;$x1; ;;;$x1; ;;$x0;; ;;;$x2; ;;;$x3; ;;;$x3; ;;;$x2;', ';;$x0;; ;;;$x1; ;;$x0;$x1; ;;;$x2; ;;;$x2; ;;;$x3; ;;;$x3;', ';;$x0;$x1; ;;;$x1; ;;$x0;; ;;;$x2; ;;;$x2; ;;;$x3; ;;;$x3;', ';;$x0;$x1; ;;$x0;$x1; ;;;$x1; ;;;$x2; ;;;$x2; ;;;$x3; ;;;$x3;', ';;$x0;$x1; ;;;$x2; ;;$x0;$x2; ;;;$x3; ;;;$x3; ;;;$x1;', ';;$x0;$x1; ;;;$x1; ;;$x0;$x2; ;;;$x3; ;;;$x3; ;;;$x2;', ';;$x0;$x1; ;;$x0;$x1; ;;;$x2; ;;;$x3; ;;;$x3; ;;;$x2;']"
41,34,5,""";;;$x0; $x1;;;$x2; ;;;$x0; $x1;;;$x2;""",0.0021474941,5.4,0.8,"[';;;$x0; $x1;;;$x2; $x1;;;$x2; ;;;$x0; ;;;$x0;', ';;;$x0; ;;;$x0; ;;;$x0; $x1;;;$x2; $x1;;;$x2; ;;;$x2;', ';;;$x0; ;;;$x0; ;;;$x0; $x1;;;$x2; $x1;;;$x2; ;;4;;', ';;;$x0; ;;;$x0; $x1;;;$x2; $x1;;;$x2; ;;;$x2; ;;4;;', ';;;$x0; $x1;;;$x2; ;;;$x0; $x1;;;$x2;']"
42,46,4,""";;$x0;; ;;;$x1; ;;;$x1; ;;;$x1; ;;$x0;$x1;""",0.002259411,5.0,0.7071067811865476,"[';;$x0;$x1; ;;;$x1; ;;;$x1; ;;$x0;$x1;', ';;$x0;; ;;;$x1; ;;;$x1; ;;;$x1; ;;$x0;$x1;', ';;$x0;; ;;;$x1; ;;;$x1; ;;;$x1; ;;;$x1; ;;$x0;;', '$x0;;;$x1; $x0;;;$x1; ;;;$x1; ;;;$x1; ;;;$x1;']"
43,37,2,"""$x0;;;$x1; $x0;;;$x1; ;;;$x1; ;;;$x1; ;;4;;""",0.0013258405,4.5,0.5,"['$x0;;;$x1; $x0;;;$x1; ;;;$x1; ;;;$x1; ;;4;;', '$x0;;;$x1; ;;;$x1; $x0;;;$x1; ;;4;;']"
44,42,3,""";;;$x0; ;;;$x0; ;;;$x1; ;;;$x1; $x2;;;$x3; $x2;;;$x3;""",0.0013085534,6.0,0.0,"[';;;$x0; ;;;$x0; ;;;$x1; ;;;$x1; $x2;;;$x3; $x2;;;$x3;', ';;;$x0; ;;;$x0; ;;;$x0; ;;;$x1; $x2;;;$x1; $x2;;;$x1;', ';;;$x0; ;;;$x1; $x2;;;$x3; $x2;;;$x3; ;;;$x1; ;;;$x0;']"
45,15,2,"""$x0;;;$x1; $x0;;;$x1; $x2;;;$x3; $x2;;;$x3; ;;4;;""",0.0016981327,4.5,0.5,"['$x0;;;$x1; $x0;;;$x1; $x2;;;$x3; $x2;;;$x3; ;;4;;', '$x0;;;$x1; ;;$x2;; $x0;;$x2;$x1; ;;4;;']"
46,44,5,""";;;$x0; ;;;$x0; ;;$x1;; ;;$x2;; ;;$x1;; ;;$x2;; ;;4;;""",0.00055602106,6.8,0.39999999999999997,"[';;;$x0; ;;$x1;; ;;;$x0; ;;$x1;; ;;$x2;; ;;$x2;; ;;4;;', ';;;$x0; ;;;$x0; ;;$x1;; ;;$x2;; ;;$x1;; ;;$x2;; ;;4;;', ';;;$x0; ;;$x1;$x0; ;;$x1;; ;;$x2;; ;;$x2;; ;;4;;', ';;;$x0; ;;;$x0; ;;$x1;; ;;$x2;; ;;$x2;; ;;$x1;; ;;4;;', ';;;$x0; ;;;$x0; ;;$x1;; ;;$x1;; ;;$x2;; ;;$x2;; ;;4;;']"
47,33,1,"""$x0;;;$x1; $x0;;;$x1; $x0;;;$x1;""",0.0,3.0,0.0,['$x0;;;$x1; $x0;;;$x1; $x0;;;$x1;']
48,35,2,""";;;$x0; ;;;$x1; ;;$x2;$x1; ;;$x2;$x0; ;;;$x1;""",0.00061561656,5.5,0.5,"[';;;$x0; ;;;$x0; ;;;$x1; ;;$x2;$x1; ;;;$x1; ;;$x2;$x1;', ';;;$x0; ;;;$x1; ;;$x2;$x1; ;;$x2;$x0; ;;;$x1;']"
